{
    "actual_root_2": 1.4142135623730950488016887242097,
    "actual_root_3":1.7320508075688772935274463415059,
    "actual_pi": 3.1415926535897932384626433832795
}