{
    "actual_root_2": 1.4142135623730950488016887242097,
    "actual_pi": 3.1415926535897932384626433832795
}