{"e_store": 2.7182818284590455, "newtpi_store": 3.1415926535897922, "liebpi_store": 3.1414926535900345, "machinpi_store": 3.141592653589794, "newtroot_2_store": 1.414213562373095, "newtroot_3_store": 1.7320508075688772, "binroot_2_store": 1.4143562059036927}